"Reference","Value","Footprint","Qty","DNP","Link"
"C1,C2,C3,C4,C6,C7,C8,C9,C12","2.2uF 10V","Capacitor_SMD:C_0603_1608Metric_Pad1.08x0.95mm_HandSolder","9","","https://www.lcsc.com/product-detail/C100082.html"
"C5","1nF 50V NP0","Capacitor_SMD:C_0603_1608Metric_Pad1.08x0.95mm_HandSolder","1","","https://www.lcsc.com/product-detail/C106246.html"
"C10,C11","10uF 16V","Capacitor_SMD:C_0805_2012Metric_Pad1.18x1.45mm_HandSolder","2","","https://www.lcsc.com/product-detail/C95841.html"
"D1","PESD5V0H1BSF","Diode_SMD:Nexperia_DSN0603-2_0.6x0.3mm_P0.4mm","1","","https://www.lcsc.com/product-detail/C478002.html"
"D2,D3,D4,D5,D14","BAT54S","Package_TO_SOT_SMD:SOT-23","5","","https://www.lcsc.com/product-detail/C19726.html"
"D6,D7,D8,D9,D10,D11,D12","Green LED","LED_SMD:LED_0603_1608Metric_Pad1.05x0.95mm_HandSolder","7","","https://www.lcsc.com/product-detail/C125094.html"
"D13","SMF5V0A","Diode_SMD:D_SOD-123F","1","","https://www.lcsc.com/product-detail/C151296.html"
"J1,J2,J3,J4,J5","SMA TH RA","Lectrobox:LINX_CONSMA002-G","5","","https://www.lcsc.com/product-detail/C496551.html"
"J6,J7","0.1"" Header","Connector_PinHeader_2.54mm:PinHeader_1x02_P2.54mm_Vertical,Connector_PinHeader_2.54mm:PinHeader_1x04_P2.54mm_Vertical","2","","https://www.lcsc.com/product-detail/C160332.html"
"J8","0.1"" Header","Connector_PinHeader_2.54mm:PinHeader_1x02_P2.54mm_Vertical","1","DNP",""
"J9","USB_C_Receptacle_USB2.0","Connector_USB:USB_C_Receptacle_HRO_TYPE-C-31-M-12","1","","https://www.lcsc.com/product-detail/C165948.html"
"J10","0.05"" 5x2","Lectrobox:ARM_CORTEX_PROGHDR_SMT","1","","https://www.lcsc.com/product-detail/C42372555.html"
"R1,R2,R3,R4,R16","220","Resistor_SMD:R_1206_3216Metric_Pad1.30x1.75mm_HandSolder","5","","https://www.lcsc.com/product-detail/C2078575.html"
"R5,R11","10k 0.1%","Resistor_SMD:R_0603_1608Metric_Pad0.98x0.95mm_HandSolder","2","","https://www.lcsc.com/product-detail/C844890.html"
"R6,R7,R8,R9,R10,R12,R13","680","Resistor_SMD:R_0603_1608Metric_Pad0.98x0.95mm_HandSolder","7","","https://www.lcsc.com/product-detail/C2907062.html"
"R14,R15","5.1k","Resistor_SMD:R_0603_1608Metric_Pad0.98x0.95mm_HandSolder","2","","https://www.lcsc.com/product-detail/C2907044.html"
"SW1","Tact buton","Button_Switch_SMD:SW_Push_1P1T_NO_E-Switch_TL3301NxxxxxG","1","","https://www.lcsc.com/product-detail/C381039.html"
"TP1,TP2,TP3,TP4","TestPoint","TestPoint:TestPoint_THTPad_D2.0mm_Drill1.0mm","4","DNP",""
"U1","STM32H523CxUx","Package_DFN_QFN:QFN-48-1EP_7x7mm_P0.5mm_EP5.6x5.6mm","1","","https://www.lcsc.com/product-detail/C26082147.html, or https://www.verical.com/pd/stmicroelectronics-microcontroller-STM32H523CEU6-13150791, or https://www.digikey.cn/zh/products/detail/stmicroelectronics/STM32H523CEU6/22519672"
"U2","LP5907MFX-3.3","Package_TO_SOT_SMD:SOT-23-5","1","","https://www.lcsc.com/product-detail/C80670.html"
"U3","USBLC6-2SC6","Package_TO_SOT_SMD:SOT-23-6","1","","https://www.lcsc.com/product-detail/C7519.html"
